Branch,appointment_start_time
4,2026/1/24 12:00
1,2026/1/20 11:30
1,2026/2/11 11:30
1,2026/1/21 12:30
1,2026/1/21 17:00
1,2026/1/24 13:00
1,2026/1/31 15:00
1,2026/2/10 11:30
1,2026/1/28 11:30
1,2026/1/21 11:30
1,2026/1/20 12:05
2,2026/1/22 11:30
2,2026/1/22 12:10
2,2026/1/22 12:30
1,2026/2/7 10:30
1,2026/1/31 15:25
1,2026/1/20 12:30
1,2026/1/14 17:30
1,2026/1/17 10:00
1,2026/1/20 16:20
1,2026/1/21 18:15
4,2026/1/28 17:30
4,2026/1/28 17:45
2,2026/1/29 11:30
2,2026/1/29 12:10
1,2026/2/7 10:15
1,2026/1/28 19:50
1,2026/1/17 17:00
1,2026/1/17 17:30
2,2026/1/29 18:00
1,2026/1/17 11:20
1,2026/1/17 11:35
1,2026/1/24 13:10
1,2026/1/24 13:30
1,2026/1/24 15:45
4,2026/1/24 13:30
4,2026/1/24 13:30
1,2026/1/14 18:00
2,2026/1/29 19:00
1,2026/1/17 13:30
1,2026/1/20 17:00
1,2026/1/20 18:30
1,2026/1/27 19:00
1,2026/1/27 12:00
1,2026/2/10 11:50
2,2026/1/14 18:30
4,2026/1/17 15:15
1,2026/1/21 12:45
4,2026/1/17 12:00
4,2026/1/17 12:30
2,2026/1/24 13:00
3,2026/1/14 17:45
1,2026/2/4 12:00
1,2026/1/28 16:00
1,2026/1/21 17:15
1,2026/2/11 17:00
1,2026/1/20 18:45
1,2026/1/21 18:30
1,2026/1/21 18:30
2,2026/1/20 18:30
1,2026/1/20 18:15
3,2026/1/21 12:00
1,2026/1/28 18:15
1,2026/2/10 19:00
1,2026/1/28 18:30
1,2026/1/20 13:15
2,2026/1/17 11:00
4,2026/1/22 11:30
4,2026/1/22 11:50
4,2026/1/22 12:00
1,2026/1/28 19:30
2,2026/1/22 17:30
5,2026/1/19 19:00
5,2026/1/20 19:00
5,2026/1/27 19:00
2,2026/1/23 14:00
2,2026/1/23 13:55
4,2026/1/22 16:00
4,2026/1/22 11:30
4,2026/1/22 12:10
3,2026/1/16 13:00
3,2026/1/14 11:30
3,2026/1/23 12:00
2,2026/1/29 19:15
2,2026/1/29 19:00
2,2026/1/29 18:00
2,2026/1/29 18:30
2,2026/1/29 19:45
2,2026/2/12 18:00
2,2026/2/12 19:25
2,2026/2/12 18:50
2,2026/2/12 18:25
2,2026/2/12 18:15
1,2026/1/23 16:05
2,2026/1/27 18:45
2,2026/1/23 18:30
2,2026/1/23 19:00
5,2026/1/23 19:15
2,2026/1/16 19:15
2,2026/1/16 19:25
2,2026/1/15 18:30
1,2026/1/30 20:20
5,2026/1/26 17:00
1,2026/1/14 19:00
1,2026/2/11 19:00
2,2026/1/24 10:30
1,2026/2/11 19:15
1,2026/1/17 11:50
4,2026/1/24 10:00
1,2026/2/7 10:45
1,2026/1/31 10:00
1,2026/1/31 10:15
1,2026/1/31 10:35
1,2026/1/31 11:30
2,2026/1/16 16:00
1,2026/1/31 10:30
4,2026/1/24 10:30
2,2026/1/24 11:15
4,2026/1/24 11:15
1,2026/1/24 10:30
5,2026/1/23 16:30
3,2026/1/26 16:00
2,2026/1/19 12:30
2,2026/1/21 12:30
5,2026/1/23 18:55
3,2026/2/4 12:30
1,2026/2/10 20:00
2,2026/1/17 10:30
2,2026/1/17 10:15
2,2026/1/24 16:00
2,2026/1/24 16:00
2,2026/1/24 10:00
2,2026/1/24 10:15
5,2026/1/30 20:00
1,2026/1/27 16:00
1,2026/1/17 12:05
3,2026/1/26 18:30
2,2026/1/30 18:00
1,2026/1/20 13:30
1,2026/1/21 13:30
2,2026/1/20 17:30
2,2026/1/14 19:55
2,2026/1/14 19:00
1,2026/1/22 18:30
1,2026/1/24 12:45
2,2026/1/26 18:30
4,2026/1/19 11:30
4,2026/1/19 12:25
4,2026/1/19 13:40
2,2026/1/17 12:15
2,2026/1/17 12:50
2,2026/1/17 11:30
1,2026/2/11 13:30
2,2026/1/23 16:00
1,2026/1/21 14:10
1,2026/1/24 10:45
2,2026/1/28 16:00
2,2026/1/28 16:40
2,2026/2/7 13:00
2,2026/2/7 13:10
3,2026/1/14 17:00
4,2026/1/28 18:00
1,2026/1/28 18:45
2,2026/1/28 18:15
2,2026/1/20 18:15
2,2026/1/21 19:00
2,2026/1/14 20:15
1,2026/1/24 15:00
1,2026/1/24 16:00
2,2026/1/24 16:30
2,2026/1/19 12:00
2,2026/1/23 11:30
2,2026/1/27 17:00
2,2026/1/19 11:55
4,2026/1/17 15:55
5,2026/1/20 16:00
5,2026/1/22 12:00
2,2026/1/28 18:45
3,2026/1/23 12:30
2,2026/1/17 16:15
2,2026/1/20 16:30
2,2026/1/22 18:10
2,2026/1/22 18:25
2,2026/1/19 19:00
2,2026/1/19 19:15
4,2026/1/22 17:30
2,2026/1/26 18:00
2,2026/1/17 15:00
5,2026/1/23 19:30
1,2026/1/17 15:00
2,2026/1/19 11:45
5,2026/1/17 11:30
2,2026/1/23 13:30
2,2026/1/16 18:45
1,2026/1/24 11:00
1,2026/1/24 11:15
2,2026/1/16 19:55
2,2026/1/17 13:05
1,2026/1/21 16:30
2,2026/1/16 12:30
2,2026/1/29 18:50
2,2026/1/23 18:30
2,2026/1/23 18:00
2,2026/1/24 12:00
2,2026/1/20 17:00
2,2026/1/31 10:45
2,2026/1/20 17:00
2,2026/1/16 18:30
2,2026/1/16 18:30
5,2026/2/5 16:30
4,2026/1/24 13:45
4,2026/1/24 10:00
4,2026/1/24 10:20
4,2026/1/24 11:30
1,2026/1/21 12:15
2,2026/2/6 20:00
4,2026/1/16 18:30
2,2026/1/17 15:00
1,2026/2/7 11:00
1,2026/1/24 10:15
5,2026/1/24 16:00
4,2026/1/17 16:00
4,2026/1/24 12:30
2,2026/1/17 10:30
2,2026/1/31 11:00
4,2026/1/19 13:30
4,2026/1/17 13:30
1,2026/1/17 12:20
1,2026/1/17 12:35
2,2026/1/31 13:00
2,2026/1/31 13:15
4,2026/1/24 10:35
4,2026/1/17 15:00
4,2026/1/17 12:40
4,2026/2/12 19:30
3,2026/2/3 13:40
2,2026/1/30 12:15
2,2026/1/30 12:15
5,2026/1/23 16:45
3,2026/1/19 16:00
2,2026/1/20 16:45
4,2026/1/23 18:00
4,2026/1/23 18:40
5,2026/1/30 19:40
5,2026/1/19 19:30
3,2026/1/23 14:00
1,2026/1/28 12:00
4,2026/1/20 18:00
4,2026/1/30 18:00
4,2026/1/30 18:45
1,2026/1/27 16:15
1,2026/1/27 16:30
2,2026/1/22 19:20
2,2026/1/19 12:15
2,2026/1/22 19:00
2,2026/2/6 19:30
4,2026/1/19 12:15
5,2026/1/17 15:30
1,2026/1/27 16:45
5,2026/2/13 13:00
5,2026/1/30 18:30
4,2026/1/20 12:30
4,2026/1/21 14:00
1,2026/1/24 16:30
1,2026/1/14 16:05
2,2026/1/15 13:15
2,2026/1/22 20:00
5,2026/1/23 13:45
1,2026/1/20 17:30
4,2026/1/22 17:45
4,2026/1/28 12:30
1,2026/1/20 12:00
1,2026/1/20 12:50
1,2026/1/27 12:30
1,2026/1/27 12:50
1,2026/1/20 19:30
1,2026/1/20 19:30
4,2026/2/3 18:30
4,2026/2/3 18:35
2,2026/1/17 15:15
2,2026/1/15 18:30
4,2026/1/21 18:15
4,2026/1/21 18:00
2,2026/1/20 19:30
3,2026/2/11 16:00
1,2026/2/10 12:45
1,2026/1/20 13:45
1,2026/1/27 18:30
1,2026/2/11 18:15
1,2026/1/14 19:30
1,2026/2/11 18:45
3,2026/1/16 12:10
1,2026/1/21 19:30
1,2026/2/11 19:45
2,2026/2/12 11:30
2,2026/2/2 11:30
1,2026/1/21 18:05
3,2026/1/26 17:00
3,2026/2/6 12:30
1,2026/1/20 14:15
2,2026/2/2 11:30
2,2026/1/21 12:00
5,2026/1/27 16:00
1,2026/1/27 14:10
4,2026/1/21 14:30
1,2026/1/17 15:30
2,2026/1/19 17:15
2,2026/1/14 16:30
2,2026/1/14 17:00
1,2026/2/12 19:00
1,2026/1/24 17:30
2,2026/1/20 12:00
4,2026/1/19 12:30
2,2026/1/23 11:45
4,2026/1/19 12:40
3,2026/2/4 16:30
1,2026/1/14 11:30
1,2026/1/14 11:50
1,2026/2/4 11:30
3,2026/2/6 13:00
2,2026/2/6 13:00
2,2026/1/23 13:00
2,2026/1/23 12:30
3,2026/1/30 12:00
4,2026/1/31 10:00
4,2026/1/31 10:30
5,2026/1/29 13:30
5,2026/1/15 17:10
4,2026/1/23 17:30
4,2026/2/13 18:00
4,2026/2/13 18:00
2,2026/2/5 16:00
5,2026/2/7 11:00
2,2026/2/6 12:45
2,2026/1/20 11:20
2,2026/1/20 12:20
2,2026/2/10 12:00
4,2026/1/28 18:40
4,2026/1/28 18:00
2,2026/1/16 18:05
4,2026/1/30 19:15
2,2026/1/31 10:00
1,2026/1/17 15:50
2,2026/1/19 19:10
1,2026/1/23 13:00
2,2026/2/7 13:00
4,2026/1/31 11:30
4,2026/1/31 11:50
4,2026/1/31 12:20
2,2026/1/31 13:45
4,2026/1/31 12:30
4,2026/1/31 11:30
1,2026/1/24 12:30
2,2026/1/17 11:45
4,2026/1/17 11:30
2,2026/2/3 12:00
2,2026/2/3 17:30
2,2026/1/30 18:30
2,2026/1/14 17:30
1,2026/1/28 18:00
1,2026/1/17 16:05
2,2026/1/17 15:45
4,2026/1/24 16:00
4,2026/1/24 15:00
1,2026/1/31 12:00
3,2026/1/30 12:30
3,2026/1/30 12:45
5,2026/2/6 17:45
3,2026/1/19 12:30
2,2026/1/15 11:30
2,2026/2/9 11:30
2,2026/1/24 15:00
1,2026/1/21 17:50
4,2026/2/5 19:00
4,2026/1/22 19:00
4,2026/1/31 10:45
3,2026/1/19 18:30
4,2026/1/31 10:00
3,2026/2/9 17:00
4,2026/1/17 17:00
3,2026/1/16 13:30
4,2026/2/6 11:30
4,2026/2/6 11:45
3,2026/1/19 18:00
3,2026/1/19 18:20
1,2026/2/7 15:30
1,2026/1/15 11:30
1,2026/1/23 20:00
1,2026/1/23 18:40
4,2026/1/15 18:00
4,2026/1/24 13:15
4,2026/1/31 13:00
4,2026/1/31 11:15
4,2026/1/17 11:00
4,2026/1/17 10:30
4,2026/1/17 10:00
5,2026/1/15 11:30
5,2026/1/15 11:45
5,2026/1/27 17:00
4,2026/1/31 13:15
4,2026/1/31 15:30
5,2026/2/3 11:30
4,2026/1/28 12:00
4,2026/2/3 11:30
1,2026/1/24 13:00
1,2026/1/23 18:40
1,2026/1/23 19:05
4,2026/1/28 12:45
4,2026/1/17 17:25
1,2026/1/17 16:35
2,2026/1/30 13:00
2,2026/1/30 13:00
2,2026/2/7 15:00
2,2026/1/30 13:30
1,2026/1/15 11:55
5,2026/1/15 13:00
2,2026/1/16 11:30
2,2026/1/16 11:30
5,2026/1/24 15:00
2,2026/1/20 17:45
1,2026/1/15 12:10
2,2026/1/24 12:45
4,2026/1/21 13:20
2,2026/1/24 13:30
4,2026/1/22 16:30
4,2026/1/22 16:55
4,2026/1/22 17:10
2,2026/1/28 19:00
2,2026/1/28 19:15
2,2026/1/28 18:45
4,2026/1/30 17:35
4,2026/1/17 16:40
4,2026/1/17 17:15
2,2026/1/24 11:45
2,2026/1/17 16:05
5,2026/2/7 15:00
5,2026/2/9 13:30
1,2026/1/22 12:00
3,2026/1/23 13:10
4,2026/2/11 14:00
3,2026/1/16 12:45
4,2026/1/31 15:00
5,2026/2/7 15:15
2,2026/1/16 17:35
2,2026/2/6 17:30
3,2026/2/9 18:30
1,2026/1/29 20:00
1,2026/2/10 20:00
2,2026/1/20 12:30
3,2026/2/11 12:00
1,2026/2/3 11:45
2,2026/2/4 11:30
2,2026/2/4 11:30
1,2026/1/14 11:50
2,2026/2/13 13:00
2,2026/1/30 14:10
2,2026/1/19 16:30
4,2026/2/12 11:30
4,2026/2/12 11:30
2,2026/1/31 12:15
2,2026/1/26 19:00
3,2026/1/19 17:30
4,2026/1/23 19:10
4,2026/1/23 19:30
5,2026/1/19 11:30
2,2026/2/10 12:45
2,2026/2/10 12:40
3,2026/1/26 18:15
5,2026/1/26 11:30
4,2026/1/19 16:00
1,2026/1/14 12:50
4,2026/1/15 16:00
3,2026/1/20 12:00
3,2026/2/9 18:15
2,2026/2/6 20:15
2,2026/1/28 19:30
2,2026/2/4 18:30
1,2026/1/30 17:30
1,2026/1/29 11:30
2,2026/2/13 17:30
2,2026/2/13 18:15
3,2026/1/16 14:00
3,2026/2/6 12:00
3,2026/1/14 12:15
1,2026/2/13 16:30
1,2026/2/6 11:30
1,2026/1/23 12:00
1,2026/1/23 12:15
1,2026/1/23 13:15
4,2026/1/15 18:30
2,2026/1/23 18:45
3,2026/2/9 17:45
1,2026/1/20 16:00
1,2026/1/20 16:20
2,2026/1/22 13:30
5,2026/1/19 19:00
2,2026/1/31 11:50
1,2026/1/23 12:00
1,2026/1/23 12:30
1,2026/1/23 12:45
3,2026/1/19 17:25
1,2026/1/24 17:00
3,2026/1/26 17:25
2,2026/1/17 10:00
1,2026/1/23 19:20
1,2026/1/20 19:15
5,2026/2/6 19:00
5,2026/2/6 19:15
1,2026/1/14 16:25
2,2026/1/28 18:30
4,2026/1/17 16:00
3,2026/1/19 13:00
4,2026/1/21 17:30
1,2026/1/20 19:45
4,2026/1/31 13:25
2,2026/2/9 19:00
2,2026/2/7 10:00
5,2026/1/24 10:00
3,2026/1/16 14:15
5,2026/1/17 15:45
2,2026/1/31 15:00
2,2026/2/7 11:35
2,2026/2/7 11:00
4,2026/1/24 15:00
4,2026/1/17 13:15
5,2026/1/17 10:30
4,2026/1/17 13:45
4,2026/1/17 13:45
4,2026/1/31 15:45
5,2026/1/23 19:35
4,2026/1/24 16:25
4,2026/1/24 16:20
2,2026/1/21 14:00
1,2026/2/6 11:45
4,2026/1/15 16:30
5,2026/1/17 10:15
4,2026/1/17 11:15
4,2026/1/17 11:00
2,2026/1/21 19:15
2,2026/1/21 18:30
5,2026/1/17 16:30
5,2026/1/17 17:00
5,2026/1/17 10:45
2,2026/2/7 11:00
4,2026/1/17 10:45
4,2026/1/24 17:45
5,2026/1/31 12:00
3,2026/1/23 13:20
4,2026/1/31 16:20
5,2026/1/24 16:25
5,2026/1/24 16:40
5,2026/1/24 16:25
1,2026/1/14 12:40
3,2026/1/26 12:00
3,2026/2/9 12:00
5,2026/2/6 11:30
5,2026/1/30 11:30
5,2026/1/30 12:00
4,2026/1/19 13:00
2,2026/1/17 17:10
3,2026/2/3 12:00
2,2026/2/4 17:15
5,2026/1/24 16:45
3,2026/1/19 16:30
1,2026/1/22 11:30
4,2026/1/24 11:05
4,2026/1/24 11:05
2,2026/1/28 12:40
4,2026/1/16 20:20
2,2026/1/19 18:30
2,2026/1/19 19:45
2,2026/1/19 18:50
5,2026/2/7 10:00
2,2026/1/14 17:00
5,2026/1/23 17:15
2,2026/1/24 13:30
2,2026/1/24 12:15
2,2026/1/24 13:45
3,2026/1/26 18:00
3,2026/1/14 14:00
4,2026/1/21 17:10
5,2026/1/23 18:30
2,2026/1/19 18:00
2,2026/2/9 18:00
2,2026/2/9 18:10
5,2026/1/23 18:00
5,2026/2/9 18:30
3,2026/1/14 17:20
2,2026/1/14 18:25
2,2026/1/14 18:10
5,2026/1/31 12:30
2,2026/1/14 18:30
3,2026/1/26 16:50
3,2026/1/14 12:30
3,2026/2/3 12:15
3,2026/2/3 12:30
2,2026/1/21 17:30
3,2026/1/30 13:00
2,2026/1/15 11:30
3,2026/1/19 16:45
1,2026/1/27 13:10
5,2026/1/20 11:45
5,2026/1/22 16:35
5,2026/1/27 13:45
2,2026/1/26 18:55
4,2026/1/16 20:35
1,2026/1/30 13:30
2,2026/1/19 18:15
2,2026/1/19 18:15
4,2026/1/23 19:45
3,2026/1/14 12:45
4,2026/1/23 18:30
5,2026/2/10 17:00
2,2026/1/31 11:00
2,2026/1/15 18:00
2,2026/1/21 18:15
2,2026/2/4 19:10
1,2026/1/20 20:00
5,2026/2/9 13:45
2,2026/1/28 12:00
1,2026/1/27 20:00
1,2026/1/27 20:15
5,2026/2/9 14:00
2,2026/1/15 16:30
2,2026/1/15 17:00
3,2026/1/30 13:35
2,2026/1/31 15:10
4,2026/1/29 11:30
1,2026/1/14 19:40
2,2026/1/28 13:15
2,2026/1/31 15:00
2,2026/1/20 12:50
2,2026/1/20 13:05
2,2026/1/28 13:55
4,2026/1/17 10:30
2,2026/1/28 14:10
2,2026/2/10 18:30
3,2026/1/21 11:30
3,2026/1/14 16:10
4,2026/1/21 16:55
4,2026/1/21 16:55
1,2026/2/12 14:00
4,2026/1/21 18:30
2,2026/1/14 16:00
3,2026/1/14 14:30
2,2026/1/14 16:30
3,2026/1/28 16:00
3,2026/1/21 16:30
3,2026/2/4 17:10
3,2026/1/30 14:00
4,2026/1/28 17:00
4,2026/1/28 16:00
1,2026/1/15 19:00
4,2026/1/31 16:50
4,2026/1/24 15:00
2,2026/1/21 19:45
1,2026/1/22 12:25
1,2026/1/22 12:55
2,2026/1/21 19:00
2,2026/1/21 20:00
2,2026/1/29 16:00
2,2026/1/29 16:00
2,2026/1/28 11:30
2,2026/1/21 13:25
2,2026/1/23 12:00
4,2026/1/21 16:45
4,2026/2/5 16:30
5,2026/1/31 15:15
4,2026/1/22 18:00
5,2026/2/13 11:30
5,2026/1/15 12:00
5,2026/2/5 12:00
4,2026/1/31 13:35
4,2026/2/5 11:30
2,2026/2/12 12:10
2,2026/2/12 12:10
5,2026/1/17 15:00
4,2026/1/29 12:00
4,2026/1/29 12:00
4,2026/1/22 12:30
2,2026/1/22 11:30
2,2026/1/22 12:15
2,2026/1/22 11:30
5,2026/1/15 16:00
5,2026/1/15 12:45
4,2026/1/29 12:30
4,2026/1/29 12:35
5,2026/1/29 12:50
2,2026/1/22 13:15
4,2026/1/19 17:30
2,2026/1/15 13:40
2,2026/1/15 13:40
4,2026/2/5 12:10
2,2026/1/20 14:30
5,2026/1/15 16:15
5,2026/1/15 16:00
5,2026/1/26 19:30
5,2026/2/2 19:15
5,2026/2/2 19:40
5,2026/2/3 19:30
5,2026/2/9 19:30
5,2026/2/10 19:30
2,2026/2/6 16:00
3,2026/1/16 14:30
2,2026/1/20 19:20
4,2026/1/29 19:25
2,2026/2/4 18:15
4,2026/1/20 19:00
4,2026/1/22 18:30
4,2026/1/15 16:45
5,2026/1/17 12:45
5,2026/1/17 12:40
2,2026/1/31 11:30
4,2026/1/15 20:00
5,2026/2/7 13:30
1,2026/1/22 18:00
2,2026/1/16 14:15
1,2026/1/22 18:45
5,2026/1/23 11:30
1,2026/1/21 14:20
2,2026/1/23 16:45
1,2026/1/15 13:00
5,2026/2/6 13:00
5,2026/2/6 13:30
5,2026/1/24 15:00
2,2026/1/16 11:55
2,2026/1/16 12:05
4,2026/1/30 12:00
3,2026/1/14 12:00
3,2026/1/14 13:40
1,2026/1/22 13:30
1,2026/1/22 11:30
2,2026/1/23 14:30
4,2026/1/21 13:30
3,2026/1/14 14:00
4,2026/1/29 13:15
5,2026/1/19 12:00
5,2026/1/19 12:05
3,2026/1/23 14:15
2,2026/1/20 13:20
2,2026/1/20 12:30
3,2026/1/26 17:40
2,2026/1/16 16:15
2,2026/1/30 12:00
2,2026/1/30 14:25
2,2026/2/6 19:00
2,2026/1/23 19:45
1,2026/1/23 11:30
5,2026/2/13 16:00
4,2026/1/23 13:30
3,2026/2/4 12:15
2,2026/1/29 16:15
3,2026/1/14 14:45
2,2026/1/30 19:00
2,2026/1/30 19:00
2,2026/1/20 19:15
1,2026/1/27 18:30
3,2026/1/20 12:15
1,2026/1/15 18:30
3,2026/1/16 14:45
4,2026/1/15 17:45
5,2026/1/19 13:30
5,2026/1/17 11:00
2,2026/1/16 18:45
1,2026/1/22 19:00
2,2026/1/24 13:45
2,2026/2/7 10:15
2,2026/2/7 11:50
5,2026/1/23 18:15
5,2026/1/22 17:05
3,2026/2/9 17:30
2,2026/1/27 18:30
2,2026/1/19 11:30
1,2026/1/21 20:30
4,2026/1/23 16:50
4,2026/1/30 17:20
4,2026/1/30 18:00
4,2026/1/21 13:00
4,2026/1/21 14:45
5,2026/1/24 13:15
5,2026/1/24 15:30
1,2026/2/11 16:00
2,2026/1/16 18:20
5,2026/2/7 10:30
1,2026/2/10 17:30
1,2026/1/23 19:30
2,2026/1/22 12:35
2,2026/1/22 12:50
2,2026/1/31 12:30
2,2026/1/29 12:30
2,2026/1/29 12:45
2,2026/1/28 14:15
2,2026/1/24 10:30
5,2026/1/24 10:45
2,2026/1/30 17:30
5,2026/1/19 11:30
2,2026/1/30 17:45
2,2026/1/30 19:25
5,2026/1/17 11:15
2,2026/1/16 18:30
5,2026/1/30 18:55
5,2026/2/7 11:30
1,2026/1/24 15:30
5,2026/1/24 12:00
5,2026/2/7 11:30
2,2026/1/21 14:45
2,2026/2/4 12:00
2,2026/2/4 11:30
4,2026/1/24 11:25
2,2026/1/22 17:25
1,2026/1/31 12:35
5,2026/1/17 15:15
1,2026/1/30 11:30
2,2026/1/17 15:30
4,2026/1/28 16:30
1,2026/1/29 19:00
1,2026/1/29 19:15
3,2026/2/2 16:00
1,2026/2/5 14:00
1,2026/1/27 20:30
5,2026/1/17 17:15
1,2026/1/22 16:00
5,2026/1/24 17:05
2,2026/1/24 16:45
5,2026/1/24 11:30
1,2026/1/29 20:15
3,2026/1/14 13:00
5,2026/1/30 19:25
5,2026/1/30 18:00
5,2026/1/24 11:05
2,2026/1/19 13:30
2,2026/2/11 12:00
5,2026/1/19 17:45
5,2026/2/9 12:00
4,2026/2/13 12:00
5,2026/1/19 19:45
5,2026/1/19 20:15
2,2026/1/16 16:45
3,2026/1/23 14:30
3,2026/1/19 13:10
5,2026/1/17 16:25
5,2026/1/19 12:20
3,2026/1/19 12:15
5,2026/1/19 13:05
4,2026/1/22 12:55
4,2026/1/26 12:00
2,2026/1/15 11:45
2,2026/1/15 12:50
4,2026/2/10 13:00
4,2026/1/21 19:00
4,2026/1/21 19:00
3,2026/1/26 16:10
2,2026/2/10 13:00
5,2026/1/19 12:45
3,2026/1/26 18:50
5,2026/2/6 18:00
2,2026/1/17 17:25
1,2026/1/22 17:45
1,2026/1/23 17:00
5,2026/2/3 17:00
2,2026/1/30 20:00
2,2026/1/30 20:00
4,2026/1/23 16:20
5,2026/1/31 10:30
2,2026/2/13 16:45
4,2026/1/20 19:20
4,2026/1/15 17:15
4,2026/2/3 16:00
2,2026/2/2 18:30
2,2026/1/17 17:40
3,2026/2/9 12:30
4,2026/1/28 13:15
4,2026/1/28 13:30
2,2026/1/27 16:30
2,2026/1/23 17:45
2,2026/1/27 19:00
4,2026/2/6 19:00
2,2026/1/22 18:30
2,2026/2/6 18:45
3,2026/2/9 13:20
2,2026/1/27 17:15
2,2026/1/27 19:30
2,2026/1/16 19:20
2,2026/1/16 19:50
4,2026/1/16 16:15
2,2026/1/29 13:00
2,2026/1/24 12:40
1,2026/2/4 12:15
4,2026/1/19 17:15
5,2026/2/5 12:15
1,2026/1/20 11:45
1,2026/2/10 12:30
5,2026/2/3 12:45
2,2026/1/19 16:00
3,2026/2/3 11:30
1,2026/1/14 13:05
1,2026/1/28 13:00
4,2026/2/2 11:30
4,2026/2/2 11:30
1,2026/2/4 12:40
5,2026/1/20 13:30
5,2026/1/20 13:20
4,2026/1/29 17:15
4,2026/1/29 17:55
4,2026/1/29 18:00
1,2026/1/14 13:50
2,2026/1/28 20:10
2,2026/2/11 16:00
2,2026/1/19 20:05
1,2026/1/28 16:15
5,2026/1/20 16:35
1,2026/1/15 19:35
1,2026/1/15 19:55
1,2026/1/15 12:20
4,2026/1/29 17:00
5,2026/1/20 16:55
1,2026/1/23 16:20
4,2026/1/28 14:00
4,2026/1/28 14:15
2,2026/1/19 16:45
4,2026/2/6 16:15
4,2026/2/6 16:30
5,2026/1/22 12:20
1,2026/1/24 11:00
2,2026/2/2 18:40
2,2026/1/20 18:00
1,2026/1/31 13:05
5,2026/1/20 18:00
1,2026/2/7 16:00
4,2026/2/13 18:30
2,2026/1/22 19:35
1,2026/1/24 11:45
1,2026/1/24 12:00
4,2026/1/22 18:15
4,2026/1/22 18:15
1,2026/1/28 12:15
1,2026/2/11 11:45
2,2026/1/21 16:00
2,2026/1/28 17:25
2,2026/1/24 16:20
2,2026/1/28 17:40
2,2026/1/31 15:25
1,2026/1/22 12:00
1,2026/1/30 12:30
4,2026/1/28 16:45
4,2026/1/28 13:45
2,2026/1/19 12:20
2,2026/1/19 13:20
1,2026/2/10 12:35
2,2026/1/22 16:00
2,2026/2/12 13:00
1,2026/1/27 13:30
1,2026/1/21 16:00
2,2026/1/15 16:00
1,2026/1/24 13:45
1,2026/1/31 15:55
2,2026/1/24 15:35
2,2026/1/24 15:00
2,2026/1/24 15:50
2,2026/1/30 11:45
4,2026/1/20 16:10
4,2026/1/20 16:20
4,2026/1/20 16:00
4,2026/1/20 16:35
4,2026/1/20 12:00
5,2026/1/19 18:00
1,2026/1/28 11:45
1,2026/1/24 17:45
2,2026/2/7 15:30
3,2026/2/2 18:30
5,2026/1/29 12:00
2,2026/2/4 12:15
5,2026/1/23 11:45
5,2026/1/23 12:15
2,2026/1/31 12:45
5,2026/1/30 17:20
1,2026/1/28 20:05
1,2026/1/23 19:45
4,2026/2/9 12:00
2,2026/1/31 16:25
2,2026/1/31 16:25
4,2026/1/20 12:15
1,2026/1/15 20:10
2,2026/1/23 17:10
2,2026/1/23 14:45
2,2026/1/28 18:00
2,2026/1/29 20:00
3,2026/2/13 12:45
2,2026/2/10 16:00
2,2026/1/29 13:15
2,2026/1/29 13:30
3,2026/2/2 13:30
5,2026/1/30 13:30
5,2026/2/7 12:45
5,2026/1/30 13:00
4,2026/2/10 12:00
2,2026/2/7 16:10
5,2026/2/6 17:25
3,2026/1/21 17:00
1,2026/1/23 18:20
2,2026/1/27 16:45
2,2026/1/27 17:55
2,2026/1/22 20:15
5,2026/2/3 16:30
5,2026/1/27 16:30
2,2026/1/19 11:30
1,2026/1/20 17:15
2,2026/1/30 16:45
2,2026/1/30 16:25
1,2026/1/31 11:00
2,2026/2/3 17:55
4,2026/1/22 19:15
4,2026/1/22 19:45
4,2026/1/23 11:40
4,2026/1/23 11:30
1,2026/1/23 17:15
2,2026/1/30 19:10
1,2026/1/23 17:30
1,2026/1/23 17:45
1,2026/2/6 18:10
1,2026/2/6 18:35
2,2026/1/26 18:15
2,2026/1/26 18:15
3,2026/1/19 12:00
4,2026/2/6 17:50
4,2026/1/23 13:45
2,2026/1/31 16:45
2,2026/1/23 20:15
2,2026/1/23 18:50
1,2026/1/24 17:00
4,2026/1/26 13:15
1,2026/1/15 19:15
2,2026/2/7 12:30
2,2026/2/2 19:25
2,2026/2/2 19:40
1,2026/2/6 16:00
4,2026/1/26 11:30
4,2026/1/26 12:00
4,2026/1/26 12:30
4,2026/1/26 12:55
2,2026/1/30 19:40
4,2026/1/22 13:00
1,2026/1/30 18:00
4,2026/1/21 18:50
4,2026/1/21 18:15
1,2026/1/30 19:30
3,2026/2/6 13:50
3,2026/2/6 14:05
3,2026/1/28 17:15
5,2026/1/17 15:30
1,2026/1/31 13:20
5,2026/2/7 11:15
1,2026/2/7 10:00
1,2026/2/4 20:00
5,2026/1/31 10:45
5,2026/1/31 11:30
4,2026/2/5 19:00
1,2026/1/14 17:00
4,2026/1/16 12:00
2,2026/1/24 12:30
4,2026/1/24 10:55
4,2026/1/24 11:40
2,2026/2/13 14:00
5,2026/1/31 10:00
5,2026/1/31 10:30
5,2026/1/31 10:15
4,2026/1/15 19:25
5,2026/1/31 11:10
5,2026/1/31 11:30
5,2026/1/17 10:00
4,2026/1/29 16:45
4,2026/1/29 18:20
2,2026/1/15 19:10
2,2026/1/15 19:30
5,2026/1/31 11:45
5,2026/1/31 13:40
2,2026/2/4 12:30
5,2026/1/17 13:30
1,2026/1/17 13:20
4,2026/2/7 10:00
5,2026/1/24 12:30
2,2026/2/7 11:15
2,2026/2/7 13:30
1,2026/2/7 15:30
2,2026/1/17 12:00
4,2026/1/24 13:00
4,2026/1/24 13:00
4,2026/2/7 10:15
4,2026/1/24 12:45
5,2026/2/7 12:30
4,2026/1/26 19:00
5,2026/1/30 17:00
2,2026/1/21 18:00
2,2026/2/7 17:10
5,2026/1/17 17:45
2,2026/1/26 12:30
2,2026/2/7 15:15
3,2026/1/21 12:15
2,2026/1/24 17:40
2,2026/1/24 17:35
5,2026/1/31 16:00
2,2026/1/31 17:00
1,2026/1/31 17:05
1,2026/2/6 19:05
2,2026/1/31 13:00
2,2026/1/15 16:00
4,2026/1/29 16:00
2,2026/2/4 12:45
1,2026/2/7 16:20
4,2026/1/31 10:00
1,2026/1/30 16:15
2,2026/1/17 11:30
2,2026/1/17 12:15
2,2026/2/7 12:00
3,2026/2/13 12:00
2,2026/2/4 12:45
4,2026/1/24 12:00
4,2026/2/7 10:45
4,2026/2/7 10:45
4,2026/2/7 11:30
3,2026/2/6 14:10
2,2026/1/22 16:35
2,2026/1/29 18:30
3,2026/1/14 13:15
2,2026/1/21 17:40
1,2026/2/6 19:20
3,2026/1/28 16:45
3,2026/1/14 13:30
4,2026/1/20 13:00
4,2026/1/26 13:00
4,2026/1/26 13:00
2,2026/1/26 13:00
2,2026/1/21 20:30
5,2026/2/6 16:45
5,2026/2/6 16:30
1,2026/1/30 11:45
4,2026/1/24 10:15
2,2026/1/14 17:45
3,2026/1/30 14:15
2,2026/1/22 17:10
3,2026/1/21 16:00
2,2026/2/7 13:45
2,2026/2/7 13:55
1,2026/1/22 19:30
1,2026/1/22 19:45
2,2026/1/16 12:45
2,2026/1/16 12:45
2,2026/2/5 17:00
1,2026/1/15 13:20
2,2026/2/13 11:30
2,2026/2/13 11:45
4,2026/2/10 19:00
4,2026/2/10 19:15
4,2026/2/10 19:00
4,2026/1/31 10:30
2,2026/2/2 14:00
4,2026/1/31 12:00
3,2026/1/23 12:15
2,2026/1/29 18:15
3,2026/1/23 13:50
2,2026/1/15 18:00
2,2026/1/15 18:30
2,2026/1/19 18:35
2,2026/1/19 19:05
2,2026/1/22 18:00
2,2026/1/22 18:30
2,2026/1/26 18:30
2,2026/1/26 19:00
2,2026/1/29 16:15
2,2026/1/29 17:30
2,2026/2/2 18:00
2,2026/2/2 18:30
2,2026/2/5 18:00
2,2026/2/5 18:30
2,2026/2/9 17:40
2,2026/2/9 18:40
2,2026/2/12 18:00
2,2026/2/12 17:30
5,2026/2/9 18:45
2,2026/1/16 12:25
2,2026/1/29 20:15
2,2026/1/26 13:30
2,2026/2/6 11:30
2,2026/2/4 18:00
2,2026/2/4 19:25
5,2026/2/2 16:00
5,2026/2/2 16:00
4,2026/1/20 16:50
2,2026/2/4 19:50
2,2026/2/2 18:15
2,2026/2/2 19:55
4,2026/1/26 16:50
4,2026/2/9 17:00
5,2026/2/9 18:55
5,2026/1/30 16:00
5,2026/1/30 16:30
2,2026/1/15 20:15
2,2026/1/15 19:55
5,2026/1/29 11:30
5,2026/1/29 11:45
2,2026/1/27 18:10
4,2026/1/26 13:40
2,2026/2/10 13:15
2,2026/2/10 13:15
5,2026/1/23 17:30
1,2026/1/14 13:20
1,2026/2/10 13:15
3,2026/1/26 12:20
1,2026/2/10 13:30
1,2026/1/14 13:35
2,2026/1/27 18:20
5,2026/1/20 12:00
5,2026/2/10 12:00
5,2026/1/27 12:45
1,2026/1/27 19:15
4,2026/1/23 11:30
5,2026/2/2 16:30
1,2026/1/31 17:20
4,2026/1/30 12:45
4,2026/2/12 12:00
4,2026/1/29 19:00
1,2026/1/31 11:10
4,2026/1/28 13:00
4,2026/1/30 12:50
2,2026/2/3 16:15
5,2026/1/15 16:30
4,2026/1/16 14:00
3,2026/2/3 11:45
3,2026/1/20 13:10
2,2026/2/10 13:30
1,2026/1/31 16:00
5,2026/1/29 17:00
2,2026/1/27 20:10
3,2026/1/20 12:45
5,2026/1/29 17:15
4,2026/1/30 16:50
4,2026/1/30 17:25
1,2026/2/7 16:30
1,2026/2/7 17:00
5,2026/1/20 17:15
5,2026/1/17 12:00
2,2026/2/11 20:00
1,2026/1/20 20:25
4,2026/1/28 14:25
4,2026/1/24 15:45
4,2026/1/24 16:35
2,2026/2/11 18:30
4,2026/1/19 16:40
4,2026/2/6 16:00
4,2026/2/13 19:00
4,2026/1/26 19:15
4,2026/2/5 18:30
4,2026/1/15 19:15
2,2026/1/20 20:45
1,2026/1/31 16:20
5,2026/1/27 14:15
1,2026/1/14 20:20
2,2026/1/16 17:10
2,2026/1/16 17:15
2,2026/2/12 19:00
1,2026/1/21 20:00
2,2026/1/20 17:30
1,2026/1/24 10:00
2,2026/1/14 18:00
1,2026/1/17 12:50
5,2026/1/17 13:45
2,2026/2/13 14:15
4,2026/1/17 13:00
2,2026/1/14 20:30
2,2026/1/17 13:20
5,2026/2/7 12:15
1,2026/1/28 16:45
1,2026/2/4 12:30
1,2026/1/28 16:30
5,2026/2/9 19:10
1,2026/2/3 12:45
1,2026/1/30 19:45
1,2026/1/30 16:40
1,2026/2/3 13:15
5,2026/1/30 12:30
3,2026/2/13 13:15
5,2026/1/30 14:00
3,2026/2/13 13:00
1,2026/2/3 12:15
3,2026/2/9 13:50
2,2026/1/29 17:45
2,2026/1/29 17:35
2,2026/1/29 20:25
1,2026/1/31 13:35
2,2026/2/2 16:00
2,2026/2/2 16:10
5,2026/2/12 13:00
5,2026/2/12 12:30
4,2026/2/5 19:15
2,2026/2/3 13:10
1,2026/1/30 18:30
1,2026/2/4 17:30
2,2026/2/12 19:10
1,2026/1/31 16:50
1,2026/1/17 13:05
1,2026/1/22 20:00
1,2026/1/30 19:15
3,2026/1/28 13:10
2,2026/1/22 14:30
2,2026/1/22 14:55
4,2026/2/6 19:15
1,2026/2/7 12:30
1,2026/2/6 19:40
3,2026/1/21 16:45
3,2026/2/2 12:30
3,2026/1/21 12:30
3,2026/1/21 12:40
1,2026/1/29 11:55
2,2026/1/30 11:45
5,2026/1/30 14:10
2,2026/2/6 11:45
2,2026/2/6 12:25
4,2026/1/17 16:30
4,2026/1/22 16:00
3,2026/2/9 12:15
4,2026/1/17 17:05
2,2026/1/17 13:00
5,2026/1/30 16:15
3,2026/2/4 12:00
1,2026/2/7 15:00
4,2026/1/22 16:35
4,2026/2/7 12:00
4,2026/1/22 17:05
4,2026/1/22 16:25
2,2026/1/26 19:45
1,2026/2/6 13:00
1,2026/2/3 20:00
1,2026/2/3 20:15
4,2026/2/7 13:00
5,2026/1/31 15:00
5,2026/1/31 15:45
5,2026/1/31 16:15
4,2026/1/29 16:00
4,2026/1/29 16:30
4,2026/1/29 16:00
4,2026/1/29 16:15
2,2026/1/15 13:05
4,2026/1/24 11:30
4,2026/1/29 13:05
1,2026/1/23 14:30
4,2026/1/24 12:30
1,2026/1/14 13:35
3,2026/2/13 14:30
5,2026/1/31 16:30
2,2026/2/13 18:30
2,2026/2/13 18:35
1,2026/2/11 16:40
2,2026/1/27 20:40
2,2026/1/23 17:40
4,2026/1/24 12:00
4,2026/1/22 17:30
4,2026/1/24 10:40
5,2026/1/30 16:25
1,2026/2/5 18:00
3,2026/1/20 13:20
2,2026/2/6 16:15
2,2026/2/6 16:10
1,2026/2/6 19:50
4,2026/2/12 17:00
4,2026/1/26 17:45
4,2026/2/2 17:30
4,2026/2/2 17:30
4,2026/2/3 19:00
5,2026/1/22 13:00
2,2026/2/13 19:15
4,2026/1/23 12:00
4,2026/1/20 17:35
4,2026/1/20 17:55
2,2026/1/26 11:30
2,2026/1/21 20:45
2,2026/1/19 14:05
1,2026/1/29 18:00
1,2026/1/29 18:15
3,2026/1/23 14:45
1,2026/2/7 13:00
2,2026/1/29 17:20
5,2026/1/23 19:55
2,2026/1/19 17:45
2,2026/1/27 16:00
1,2026/1/22 16:30
5,2026/1/19 20:30
5,2026/1/16 14:45
1,2026/1/17 11:10
1,2026/1/17 12:05
1,2026/1/17 10:30
1,2026/1/17 10:15
2,2026/1/22 16:50
4,2026/1/26 14:15
2,2026/1/24 10:15
2,2026/2/7 10:30
2,2026/2/7 11:15
5,2026/2/10 13:00
4,2026/1/30 16:00
4,2026/1/30 16:00
2,2026/2/10 13:20
3,2026/1/26 13:00
2,2026/1/26 16:00
4,2026/2/3 18:00
1,2026/2/5 11:30
2,2026/2/4 20:00
2,2026/2/4 19:45
2,2026/2/7 16:00
3,2026/2/9 14:05
4,2026/1/31 13:20
4,2026/1/31 13:00
4,2026/1/22 18:05
5,2026/1/29 16:40
1,2026/1/22 18:15
5,2026/1/31 16:45
5,2026/1/19 17:30
1,2026/2/4 13:00
1,2026/2/7 15:10
3,2026/2/9 14:35
4,2026/1/31 13:25
4,2026/1/31 10:45
5,2026/2/7 17:00
2,2026/1/30 20:30
5,2026/1/31 17:15
5,2026/1/31 17:45
5,2026/2/7 17:20
5,2026/1/19 20:45
2,2026/2/2 17:30
2,2026/1/27 11:30
2,2026/1/27 12:10
2,2026/1/27 12:25
2,2026/1/27 14:30
2,2026/1/27 12:55
4,2026/1/27 12:00
4,2026/1/27 12:10
4,2026/1/27 13:15
4,2026/1/27 13:45
5,2026/2/3 16:00
5,2026/2/3 16:00
5,2026/2/3 12:00
1,2026/1/30 12:00
2,2026/1/31 15:15
3,2026/2/2 14:00
2,2026/1/31 16:00
2,2026/1/23 20:25
2,2026/2/13 19:30
2,2026/2/13 19:45
4,2026/1/17 15:55
5,2026/1/23 20:10
4,2026/2/6 16:30
4,2026/2/6 17:00
5,2026/1/23 20:45
4,2026/1/23 13:15
1,2026/2/7 13:15
5,2026/1/17 10:00
4,2026/2/7 12:15
4,2026/2/7 12:30
1,2026/1/21 20:15
2,2026/2/6 18:25
2,2026/2/6 18:30
1,2026/2/6 16:30
1,2026/1/22 14:00
1,2026/1/22 14:45
4,2026/1/20 19:00
1,2026/2/10 13:00
2,2026/1/24 11:30
2,2026/2/6 16:15
4,2026/1/17 16:25
2,2026/1/30 19:30
5,2026/2/9 19:15
2,2026/2/2 17:40
5,2026/1/30 20:20
2,2026/1/31 15:00
5,2026/1/30 20:45
2,2026/2/5 11:30
3,2026/1/19 14:20
2,2026/1/15 20:00
2,2026/1/15 20:30
2,2026/1/15 20:45
5,2026/2/2 20:00
5,2026/1/19 14:15
5,2026/1/19 14:10
5,2026/2/2 11:30
2,2026/2/11 19:25
5,2026/1/19 13:50
2,2026/1/27 16:15
5,2026/1/19 13:50
2,2026/2/12 17:00
2,2026/2/12 17:00
2,2026/2/4 13:00
2,2026/2/4 11:45
4,2026/2/2 11:45
2,2026/2/9 16:00
2,2026/1/15 17:50
2,2026/1/15 19:00
3,2026/1/21 14:00
2,2026/2/5 12:00
4,2026/1/22 18:30
3,2026/2/2 12:00
3,2026/2/4 11:45
5,2026/1/19 16:40
3,2026/1/16 13:15
1,2026/1/30 19:00
3,2026/2/4 12:45
4,2026/1/17 11:00
4,2026/1/17 15:00
4,2026/1/17 16:05
4,2026/1/31 14:50
4,2026/1/31 12:05
3,2026/2/9 16:00
4,2026/1/31 12:30
3,2026/1/26 12:35
5,2026/2/2 11:45
4,2026/1/31 16:30
4,2026/2/7 12:00
4,2026/2/7 15:00
5,2026/1/23 12:20
4,2026/2/7 15:50
2,2026/2/2 20:05
1,2026/1/29 11:45
4,2026/1/15 17:30
4,2026/1/15 18:00
3,2026/2/4 17:30
5,2026/2/5 16:00
5,2026/2/5 17:00
3,2026/2/11 11:30
4,2026/1/14 19:00
5,2026/1/29 16:25
5,2026/2/12 16:45
2,2026/1/21 20:15
5,2026/1/30 16:45
1,2026/1/20 20:35
1,2026/1/27 17:00
1,2026/1/27 17:15
1,2026/1/27 18:45
1,2026/2/3 11:45
3,2026/1/30 14:45
2,2026/1/23 20:40
2,2026/2/2 20:10
1,2026/1/30 18:10
2,2026/2/11 18:00
5,2026/1/15 12:30
5,2026/2/9 17:00
2,2026/2/2 20:30
5,2026/2/6 19:30
3,2026/1/20 13:45
3,2026/2/10 12:30
5,2026/2/7 17:35
5,2026/1/22 16:00
5,2026/2/2 13:00
5,2026/2/2 18:30
5,2026/2/6 20:00
1,2026/2/6 12:00
5,2026/1/23 16:00
4,2026/1/16 19:00
2,2026/2/6 13:45
1,2026/1/28 19:15
1,2026/1/28 17:00
2,2026/2/5 19:00
5,2026/1/27 13:00
4,2026/1/30 13:00
4,2026/1/22 18:20
4,2026/1/19 17:15
4,2026/1/20 13:30
1,2026/2/5 12:00
3,2026/2/4 11:30
3,2026/2/11 12:15
5,2026/2/3 12:15
2,2026/2/3 13:25
2,2026/2/3 13:50
5,2026/1/27 12:30
3,2026/2/11 12:45
4,2026/1/26 19:30
4,2026/1/26 19:00
1,2026/1/17 15:15
4,2026/2/10 13:30
1,2026/1/30 12:20
1,2026/2/3 12:30
2,2026/2/3 18:05
3,2026/2/3 13:10
3,2026/2/4 17:45
4,2026/1/26 13:30
5,2026/2/10 13:30
5,2026/2/3 13:55
5,2026/2/7 16:00
5,2026/1/20 12:15
5,2026/2/7 16:15
1,2026/2/3 16:30
1,2026/2/3 16:35
2,2026/2/4 13:30
5,2026/2/10 16:00
2,2026/2/3 16:30
2,2026/2/3 18:40
1,2026/2/10 13:35
1,2026/1/27 13:25
1,2026/1/29 12:30
2,2026/1/21 17:00
1,2026/1/22 16:45
2,2026/1/20 16:00
5,2026/2/2 18:00
5,2026/2/2 20:15
5,2026/2/3 12:30
5,2026/1/31 13:10
3,2026/2/2 17:30
5,2026/1/31 13:25
4,2026/1/22 18:35
5,2026/2/3 17:30
4,2026/1/20 16:50
4,2026/1/20 17:05
2,2026/2/3 17:10
3,2026/1/20 11:45
5,2026/2/2 20:20
5,2026/1/17 13:00
5,2026/2/6 20:15
5,2026/2/5 11:30
5,2026/1/15 13:15
2,2026/2/4 17:30
4,2026/1/27 16:00
4,2026/1/22 19:00
1,2026/1/14 14:15
2,2026/1/21 17:40
1,2026/2/10 13:50
2,2026/1/16 19:00
5,2026/1/24 17:20
5,2026/1/24 17:40
1,2026/2/7 12:10
3,2026/1/28 11:55
2,2026/2/2 20:45
3,2026/1/21 13:10
2,2026/2/10 18:40
1,2026/1/27 11:30
2,2026/1/30 14:40
4,2026/1/24 10:30
4,2026/1/16 14:30
4,2026/2/10 18:15
3,2026/1/26 13:30
3,2026/1/26 13:45
5,2026/1/23 14:15
4,2026/2/7 16:00
1,2026/2/11 19:30
1,2026/1/28 17:25
1,2026/1/28 17:45
1,2026/1/28 17:40
1,2026/2/5 17:30
4,2026/1/16 11:30
4,2026/1/16 11:45
4,2026/1/16 12:00
4,2026/1/16 12:25
4,2026/1/16 13:35
4,2026/1/16 14:00
4,2026/1/16 14:15
4,2026/1/16 14:45
4,2026/1/16 14:50
4,2026/1/16 16:00
4,2026/1/16 17:20
4,2026/1/16 17:30
4,2026/1/16 18:00
4,2026/1/16 18:30
4,2026/1/16 19:50
4,2026/1/16 20:05
4,2026/1/16 20:15
4,2026/1/16 18:50
4,2026/1/16 19:05
5,2026/1/16 11:30
5,2026/1/16 11:40
5,2026/1/16 13:00
5,2026/1/16 13:15
5,2026/1/16 14:00
5,2026/1/16 14:30
5,2026/1/16 14:45
5,2026/1/16 16:00
5,2026/1/16 16:15
5,2026/1/16 16:30
5,2026/1/16 17:00
5,2026/1/16 17:10
5,2026/1/16 17:30
5,2026/1/16 18:00
5,2026/1/16 18:15
5,2026/1/16 19:55
5,2026/1/16 20:25
1,2026/2/5 12:15
3,2026/2/2 13:00
3,2026/2/4 13:00
4,2026/1/26 16:00
2,2026/1/17 13:35
1,2026/1/17 10:50
4,2026/1/20 16:00
1,2026/1/24 12:05
5,2026/1/16 19:00
2,2026/2/11 11:30
2,2026/2/11 12:05
2,2026/2/11 11:55
2,2026/2/11 11:30
5,2026/1/19 18:15
1,2026/2/10 18:00
1,2026/2/5 13:00
1,2026/1/31 16:10
1,2026/1/28 14:00
5,2026/2/7 12:45
5,2026/1/15 17:30
4,2026/2/7 15:00
5,2026/2/6 20:30
3,2026/1/14 13:55
1,2026/2/11 12:15
1,2026/2/11 12:30
1,2026/2/11 12:45
4,2026/2/7 12:30
4,2026/2/10 12:15
3,2026/2/4 16:15
5,2026/1/16 18:30
2,2026/2/4 14:00
1,2026/2/11 13:15
3,2026/1/28 14:30
1,2026/1/28 13:15
2,2026/2/11 14:00
1,2026/2/5 16:00
1,2026/2/5 16:25
1,2026/2/5 16:40
3,2026/2/11 13:00
3,2026/2/4 14:00
4,2026/1/20 17:45
2,2026/2/4 17:00
3,2026/2/11 17:45
3,2026/2/11 13:15
2,2026/1/21 14:30
2,2026/1/29 13:45
2,2026/1/29 13:00
2,2026/1/29 14:00
2,2026/1/24 15:00
2,2026/2/4 20:20
4,2026/2/11 12:00
3,2026/2/11 17:15
3,2026/2/11 17:30
5,2026/1/16 20:10
4,2026/2/7 16:15
2,2026/2/5 16:30
2,2026/2/5 16:30
2,2026/2/10 17:00
2,2026/2/10 17:15
2,2026/1/24 16:45
2,2026/1/28 12:30
2,2026/2/2 13:00
2,2026/1/22 20:30
4,2026/1/26 18:15
4,2026/2/4 18:30
2,2026/1/24 15:00
2,2026/1/24 15:15
4,2026/2/7 16:25
2,2026/1/27 13:50
2,2026/2/2 12:00
3,2026/2/13 13:40
2,2026/1/15 18:55
5,2026/2/13 18:45
4,2026/1/26 16:35
4,2026/1/26 17:20
1,2026/1/22 20:30
4,2026/1/26 19:55
2,2026/2/11 19:45
2,2026/2/11 19:50
2,2026/1/29 16:30
2,2026/2/3 19:20
2,2026/1/24 15:15
4,2026/1/27 19:30
1,2026/2/11 20:00
1,2026/2/11 20:15
2,2026/2/11 18:15
2,2026/2/3 16:00
2,2026/2/11 18:15
4,2026/2/11 18:15
4,2026/2/4 12:00
2,2026/1/23 19:15
2,2026/1/23 19:30
2,2026/1/19 14:20
2,2026/1/19 16:15
1,2026/2/12 11:30
5,2026/2/10 11:45
4,2026/1/31 17:25
3,2026/1/19 12:30
5,2026/2/12 11:30
4,2026/2/5 12:30
5,2026/1/27 18:00
4,2026/2/5 11:30
4,2026/2/3 12:00
4,2026/2/7 10:00
4,2026/2/7 16:40
4,2026/2/3 12:00
1,2026/1/15 17:00
1,2026/1/15 14:05
1,2026/1/21 20:45
4,2026/1/15 12:30
2,2026/2/2 12:10
2,2026/2/2 12:50
4,2026/1/31 12:35
5,2026/1/29 17:30
5,2026/1/29 17:35
5,2026/1/23 12:50
5,2026/1/15 17:00
2,2026/1/27 12:35
1,2026/2/6 13:15
1,2026/2/6 16:00
5,2026/2/2 17:45
5,2026/2/6 20:40
2,2026/2/5 17:40
4,2026/1/26 14:35
1,2026/2/12 20:00
1,2026/2/12 20:15
1,2026/2/12 18:30
1,2026/2/12 18:45
4,2026/2/7 15:30
1,2026/2/6 17:10
4,2026/1/20 19:15
4,2026/1/20 19:15
4,2026/2/11 16:30
4,2026/2/11 16:30
5,2026/1/29 17:45
2,2026/1/31 15:35
5,2026/1/29 16:10
2,2026/1/31 17:30
5,2026/1/29 17:05
4,2026/2/7 10:00
4,2026/2/7 10:15
4,2026/2/7 10:30
4,2026/2/7 10:45
1,2026/2/13 16:45
1,2026/1/23 20:25
1,2026/2/6 12:45
2,2026/2/2 17:00
2,2026/2/2 17:05
4,2026/2/11 14:00
2,2026/1/22 16:15
1,2026/1/29 18:45
3,2026/1/26 12:00
4,2026/2/4 12:20
4,2026/2/4 18:00
4,2026/2/4 18:15
5,2026/1/16 16:45
4,2026/1/15 18:30
1,2026/2/5 18:30
2,2026/2/7 10:10
4,2026/2/5 18:45
2,2026/2/12 19:40
4,2026/1/29 18:15
2,2026/2/13 20:10
4,2026/2/7 16:30
2,2026/2/2 11:30
2,2026/2/5 20:00
4,2026/1/30 13:30
4,2026/1/30 13:30
5,2026/2/2 16:45
2,2026/1/16 13:00
2,2026/1/16 14:55
1,2026/1/17 15:45
1,2026/1/28 12:45
2,2026/1/31 15:50
4,2026/1/20 18:15
5,2026/2/9 11:30
4,2026/1/24 10:00
4,2026/1/24 12:30
4,2026/1/20 18:40
4,2026/1/20 19:30
1,2026/2/6 17:55
5,2026/1/19 14:30
5,2026/2/3 13:15
5,2026/2/6 11:45
5,2026/1/30 14:25
1,2026/1/15 18:45
1,2026/1/30 14:00
4,2026/2/12 19:00
4,2026/2/12 18:30
4,2026/1/17 10:00
4,2026/1/17 10:15
2,2026/2/10 11:30
3,2026/2/6 12:45
4,2026/2/4 18:30
4,2026/1/21 16:00
4,2026/1/15 14:00
2,2026/1/21 11:30
5,2026/2/9 13:00
4,2026/1/19 18:00
3,2026/1/19 13:25
1,2026/1/23 11:45
2,2026/1/19 13:00
2,2026/2/2 13:10
4,2026/1/28 12:30
5,2026/2/9 18:15
4,2026/1/28 13:15
5,2026/2/6 16:00
5,2026/2/6 16:00
1,2026/2/3 11:30
1,2026/1/29 20:25
1,2026/1/29 20:40
3,2026/2/2 18:00
5,2026/2/9 19:50
3,2026/2/4 13:45
4,2026/1/22 19:10
4,2026/2/4 13:40
4,2026/1/15 16:00
4,2026/1/17 17:05
4,2026/1/30 18:15
4,2026/1/16 17:30
4,2026/1/26 17:35
3,2026/2/13 13:55
4,2026/2/4 12:00
1,2026/2/13 16:00
2,2026/2/3 19:45
1,2026/1/15 20:40
5,2026/2/2 17:15
4,2026/1/26 16:00
5,2026/2/13 17:00
2,2026/1/16 17:20
4,2026/2/11 12:30
4,2026/2/9 13:15
2,2026/1/30 16:10
2,2026/1/20 13:50
2,2026/1/15 12:25
1,2026/2/13 17:00
5,2026/2/13 18:15
4,2026/1/20 19:45
5,2026/2/13 19:00
2,2026/2/5 18:30
2,2026/2/5 18:45
4,2026/2/13 17:45
5,2026/2/13 18:30
4,2026/2/7 13:00
1,2026/1/23 12:45
5,2026/2/9 18:00
1,2026/2/10 13:50
5,2026/2/13 19:15
2,2026/2/10 16:00
2,2026/1/19 19:20
2,2026/2/10 16:50
2,2026/1/20 18:45
2,2026/1/14 18:30
5,2026/2/13 19:35
4,2026/1/28 18:30
4,2026/1/28 19:30
2,2026/2/13 18:00
2,2026/2/13 20:20
1,2026/1/30 20:35
1,2026/1/30 17:15
2,2026/2/11 20:15
4,2026/1/28 13:40
1,2026/2/7 16:15
2,2026/2/5 19:30
4,2026/1/14 11:30
4,2026/1/14 12:00
4,2026/1/14 13:15
4,2026/2/7 16:45
5,2026/2/7 13:45
2,2026/1/31 17:45
4,2026/2/7 12:00
5,2026/1/24 13:10
4,2026/1/23 12:45
4,2026/1/23 12:45
5,2026/2/13 18:00
5,2026/2/13 13:15
5,2026/2/13 14:10
1,2026/1/21 16:00
5,2026/2/7 16:45
4,2026/1/17 10:45
4,2026/1/31 11:00
2,2026/1/31 16:20
4,2026/2/3 12:30
1,2026/1/23 18:00
5,2026/1/19 16:00
4,2026/1/20 20:25
2,2026/1/28 14:25
4,2026/1/20 18:45
1,2026/2/13 11:30
4,2026/1/15 12:00
2,2026/1/16 20:25
2,2026/1/16 20:40
1,2026/2/13 11:45
2,2026/2/3 14:35
5,2026/2/2 14:30
2,2026/1/31 16:45
4,2026/2/11 17:30
5,2026/2/2 14:15
5,2026/1/19 16:00
5,2026/2/2 14:00
2,2026/1/30 19:55
4,2026/2/7 13:05
2,2026/2/11 17:05
2,2026/1/26 14:30
4,2026/1/20 17:20
4,2026/2/7 13:20
1,2026/2/4 18:30
2,2026/2/11 17:20
2,2026/2/11 16:00
2,2026/2/11 16:30
1,2026/2/4 19:00
5,2026/1/23 14:30
2,2026/1/31 10:00
4,2026/1/24 10:15
2,2026/2/11 17:25
5,2026/2/12 12:15
4,2026/1/16 13:30
5,2026/1/23 14:45
4,2026/1/16 14:00
1,2026/2/7 11:40
1,2026/2/7 17:15
1,2026/2/7 17:25
2,2026/1/26 16:15
4,2026/1/23 13:35
1,2026/2/10 13:15
1,2026/2/10 14:00
4,2026/1/23 12:30
4,2026/1/29 17:00
4,2026/1/29 17:30
4,2026/1/29 17:45
1,2026/2/11 14:00
1,2026/2/7 15:15
1,2026/1/24 15:30
2,2026/1/26 17:20
2,2026/1/26 17:25
4,2026/1/17 17:30
2,2026/1/24 17:25
2,2026/1/24 16:30
4,2026/1/24 15:45
2,2026/1/26 17:20
2,2026/1/30 11:30
2,2026/1/30 11:15
2,2026/2/7 15:15
1,2026/2/12 13:30
4,2026/1/16 16:00
2,2026/1/15 12:40
4,2026/1/23 12:30
2,2026/2/12 20:00
2,2026/2/12 20:30
2,2026/2/12 19:55
4,2026/1/17 10:55
1,2026/1/14 20:55
4,2026/1/16 14:55
4,2026/1/16 13:45
4,2026/2/4 12:50
5,2026/2/9 11:45
4,2026/2/4 13:05
5,2026/2/9 20:20
4,2026/1/14 13:45
4,2026/2/4 11:55
4,2026/1/22 19:15
4,2026/1/22 19:40
5,2026/1/15 13:00
5,2026/2/9 12:40
4,2026/1/26 13:00
4,2026/2/5 19:25
4,2026/2/5 19:45
4,2026/1/24 13:25
5,2026/1/23 13:20
5,2026/1/15 14:30
5,2026/2/3 13:30
5,2026/1/17 11:45
4,2026/1/14 13:00
4,2026/1/19 17:00
3,2026/2/11 16:15
4,2026/2/4 14:10
3,2026/2/11 16:45
5,2026/1/31 16:00
5,2026/2/6 18:30
4,2026/1/29 17:35
4,2026/1/29 17:45
3,2026/2/11 17:00
4,2026/2/7 15:45
4,2026/2/4 18:45
5,2026/1/30 19:00
5,2026/1/30 19:40
4,2026/1/27 16:30
2,2026/2/4 16:30
2,2026/2/4 16:45
4,2026/2/13 19:00
1,2026/2/10 16:00
1,2026/1/23 20:40
1,2026/1/29 14:30
4,2026/1/19 16:55
2,2026/1/15 16:15
4,2026/1/24 16:45
5,2026/2/9 16:00
4,2026/2/13 18:45
4,2026/2/13 19:30
4,2026/1/22 19:30
4,2026/1/16 19:00
4,2026/2/4 13:20
4,2026/1/21 12:15
5,2026/1/19 14:45
1,2026/2/11 20:30
5,2026/1/31 12:15
4,2026/1/15 20:45
3,2026/2/13 14:45
4,2026/1/14 13:00
2,2026/1/21 13:50
2,2026/1/21 13:00
2,2026/1/28 14:40
2,2026/1/28 13:00
5,2026/2/13 13:30
4,2026/1/22 17:45
4,2026/1/17 16:55
4,2026/2/4 14:25
4,2026/2/4 12:45
2,2026/1/14 18:00
2,2026/1/14 19:35
1,2026/1/23 18:30
1,2026/1/23 18:55
5,2026/1/19 11:50
1,2026/1/15 12:30
5,2026/2/6 18:45
1,2026/1/15 12:45
2,2026/2/5 17:55
1,2026/1/15 13:40
2,2026/2/9 19:15
1,2026/2/3 18:00
5,2026/1/19 18:30
5,2026/1/19 18:25
5,2026/2/13 17:30
4,2026/1/15 19:00
4,2026/1/31 13:00
2,2026/2/5 13:30
5,2026/2/13 19:50
5,2026/2/13 20:05
4,2026/1/29 19:00
2,2026/1/15 19:40
2,2026/1/15 19:35
2,2026/2/9 16:15
4,2026/1/29 16:45
2,2026/2/13 11:40
4,2026/1/14 11:30
4,2026/1/28 16:00
4,2026/2/4 14:35
4,2026/2/4 13:00
4,2026/2/11 12:55
4,2026/1/28 16:15
4,2026/2/13 16:30
4,2026/2/11 14:20
4,2026/1/21 12:30
4,2026/1/21 12:45
2,2026/2/6 14:00
4,2026/1/21 19:45
2,2026/1/19 20:20
1,2026/1/14 13:00
4,2026/2/2 12:25
4,2026/1/15 20:15
4,2026/2/2 12:40
1,2026/1/14 14:20
5,2026/2/12 11:45
2,2026/1/15 20:00
2,2026/1/23 11:30
3,2026/1/26 14:00
5,2026/2/10 11:30
3,2026/1/20 11:30
2,2026/1/30 16:30
4,2026/1/21 16:30
3,2026/1/16 12:30
5,2026/2/10 12:30
4,2026/1/15 19:00
5,2026/2/13 17:15
2,2026/1/29 14:10
5,2026/1/29 14:30
4,2026/1/19 13:15
5,2026/1/15 16:45
5,2026/2/7 11:10
5,2026/2/5 14:15
3,2026/2/10 11:30
4,2026/1/17 15:10
2,2026/1/23 20:00
4,2026/1/30 18:35
4,2026/1/17 10:00
4,2026/1/30 18:30
4,2026/1/17 10:15
2,2026/1/15 11:50
3,2026/2/3 12:35
2,2026/2/9 11:30
3,2026/2/6 13:20
4,2026/1/24 12:30
2,2026/2/10 20:00
5,2026/2/12 14:00
3,2026/2/9 16:45
1,2026/2/3 14:10
3,2026/2/2 16:15
3,2026/2/3 13:00
4,2026/1/27 19:45
3,2026/2/2 12:15
4,2026/1/17 15:45
4,2026/1/16 11:30
2,2026/1/23 16:00
4,2026/1/24 17:00
4,2026/1/17 15:00
2,2026/1/16 12:05
1,2026/1/23 16:00
2,2026/1/22 20:45
2,2026/1/15 13:00
2,2026/1/15 13:15
5,2026/1/15 17:45
1,2026/1/27 17:30
5,2026/1/15 17:50
5,2026/2/12 16:20
1,2026/1/21 18:05
2,2026/2/4 14:15
4,2026/1/29 19:20
5,2026/1/16 12:40
4,2026/1/29 20:00
4,2026/1/29 20:30
5,2026/1/16 17:55
2,2026/1/26 16:55
2,2026/1/24 16:40
1,2026/1/27 14:00
5,2026/1/27 17:30
1,2026/2/11 17:30
1,2026/2/10 16:15
1,2026/1/23 16:30
2,2026/1/31 17:20
4,2026/1/14 11:00
4,2026/2/4 16:00
1,2026/1/14 16:20
4,2026/1/22 13:40
4,2026/2/10 16:00
5,2026/2/10 17:15
4,2026/1/17 12:55
5,2026/1/16 12:00
4,2026/1/16 16:15
2,2026/1/28 20:25
2,2026/1/30 18:45
2,2026/1/30 18:45
2,2026/1/16 19:40
5,2026/1/23 18:30
5,2026/1/15 14:15
5,2026/1/20 13:00
2,2026/1/15 14:40
5,2026/1/15 14:00
1,2026/2/5 12:30
4,2026/1/22 20:00
5,2026/2/3 14:30
5,2026/2/13 20:35
5,2026/2/13 17:10
4,2026/1/27 16:15
4,2026/1/31 17:30
5,2026/1/24 16:10
4,2026/2/7 13:30
2,2026/2/10 16:45
2,2026/2/10 17:35
1,2026/1/28 14:10
2,2026/2/11 17:45
2,2026/2/11 18:30
5,2026/1/23 13:35
5,2026/1/15 12:15
1,2026/2/10 18:30
5,2026/1/17 13:00
2,2026/2/3 20:05
5,2026/2/2 13:30
1,2026/2/3 20:30
4,2026/2/11 13:05
5,2026/2/3 17:30
4,2026/1/20 16:35
4,2026/1/20 18:15
4,2026/2/4 16:35
2,2026/1/29 12:15
2,2026/1/29 14:45
2,2026/1/15 18:45
4,2026/1/19 11:55
4,2026/1/23 13:20
4,2026/1/27 19:00
2,2026/1/17 15:30
2,2026/1/20 13:35
